Genre,Album,Artist,Releae Date,Rating,Sub-Genres,Location,Image URL
Acoustic Rock,Still,Nine Inch Nails,2002,3.76,Singer-Songwriter,"Cleveland, OH",cmu://1012261/43631308/ab67616d0000b27343940eb0524a266566af0de0.jpg
Afro-Rock,Woyaya,Osibisa,1972,3.65,Progressive Rock | Jazz,"London, United Kingdom",cmu://1012261/43668588/R-1484316-1319954174.jpg
Alternative Rock,OK Computer,Radiohead,1997,4.3,Space-Rock Revival,"Abingdon, United Kingdom","cmu://1012261/43630546/715LZJ5qX0L._UF1000,1000_QL80_.jpg"
Alternative Dance,Sound of Silver,LCD Soundsystem,2007,3.96,New Rave | Mutant Disco,"Brooklyn, NY","cmu://1012261/43630408/81nweV8NwYL._UF1000,1000_QL80_.jpg"
Grebo,Dos dedos mis amigos,Pop Will Eat Itself,1994,3.44,Industrial Hip Hop,Stourbridge. United Kingdom,cmu://1012261/43668584/R-1250198-1296333499.jpg
New Rave,Fantasy Black Channel,Late of the Pier,2008,3.67,Indietronica | Synthpop,"Castle Donington, UK",cmu://1012261/43630916/a3420332316_10.jpg
Baggy,The Stone Roses,The Stone Roses,1989,4.01,Neo-Psychedelia,"Manchester, United Kingdom",cmu://1012261/43668661/ab67616d0000b273cf1f6466a493eb73d6d9d280.jpeg
Britpop,Different Class,Pulp,1995,3.91,Glam Rock | Art Rock,"Sheffield, United Kingdom","cmu://1012261/43630317/71nB1PyUlJL._UF1000,1000_QL80_.jpg"
Dream Pop,LONG SEASON,Fishmans,1996,4.22,Dub | Ambient Pop,"Minato, Tokyo, Japan",cmu://1012261/43668576/images.jpg
Emo-pop,Three Cheers for Sweet Revenge,My Chemical Romance,2004,3.88,Mall Screamo,"Newark, NJ",cmu://1012261/43631034/ab67616d0000b273cab7ae4868e9f9ce6bdfdf43.jpg
Geek Rock,Lincoln,They Might Be Giants,1988,3.75,Power Pop | Art Pop,"Brooklyn, NY",cmu://1012261/43631072/ab67616d0000b273d2d0321dd88cd26f21cdaeaa.jpg
Grunge,Nevermind,Nirvana,1991,4.04,Punk Rock,"Aberdeen, WA",cmu://1012261/43668612/T121z.jpg
Indie Rock,Loveless,My Bloody Valentine,1991,4.25,Neo-Psychedelia,"London, United Kingdom","cmu://1012261/43630325/71RoGMpXr-L._UF1000,1000_QL80_.jpg"
C86,Bizarro,The Wedding Present,1989,3.7,Neo-Psychedelia,"Leeds, United Kingdom",cmu://1012261/43631168/ab67616d0000b2732d4d87e83f27fa7f0d90acc9.jpg
Dunedin Sound,Daddy's Highway,The Bats,1987,3.64,Folk Rock,"Christchurch, New Zealand",cmu://1012261/43630866/a2720857201_16.jpg
Garage Rock Revival,Is This It,The Strokes,2001,4,Post-Punk Revival,"Manhattan, NY","cmu://1012261/43630461/81xesqe7UML._UF1000,1000_QL80_.jpg"
Hamburger Schule,We come to complain,Tocotronic,1996,3.59,Slacker Rock,"Hamburg, Germany","cmu://1012261/43630532/610KibsvijL._UF894,1000_QL80_.jpg"
Indie Surf,Alvvays,Alvvays,2014,3.7,Dream Pop | Indie Pop,"Charlottetown, Candada",cmu://1012261/43630817/a1825547906_10.jpg
Math Pop,Unhappy Refrain,wowaka,2011,3.89,Post-Hardcore,"Kagoshima, Japan",cmu://1012261/43631343/artworks-EBX66pihanxzskAm-kRc8zQ-t500x500.jpg
Midwest Emo,American Football,American Football,1999,3.86,Slowcore | Post-Rock,"Urbana, IL",cmu://1012261/43630903/a3216079630_16.jpg
Noise Pop,Loveless,My Bloody Valentine,1991,4.25,Neo-Psychedelia,"London, United Kingdom","cmu://1012261/43630325/71RoGMpXr-L._UF1000,1000_QL80_.jpg"
Post-Punk Revival,Turn On the Bright Lights,Interpol,2001,3.98,Post-Rock,"Manhattan, NY","cmu://1012261/43630126/41Y-7WanMbL._UF1000,1000_QL80_.jpg"
Slacker Rock,"""The Glow"" Pt. 2",The Microphones,2000,4.18,Noise Rock | Avant-Funk,"Anacortes, WA",cmu://1012261/43630648/0030355031_71.jpg
Slowcore,Stratosphere,Duster,1998,3.97,Space Rock,"San Jose, CA",cmu://1012261/43630710/a0165062421_16.jpg
Twee Pop,If You're Feeling Sinister,Belle and Sebastian,1996,3.97,Chamber Folk,"Glasgow, United Kingdom","cmu://1012261/43630393/81kWpi1OTQL._AC_UF1000,1000_QL80_.jpg"
Jangle Pop,The Queen Is Dead,The Smiths,1986,4.13,Neo-Acoustic,"Manchester, United Kingdom",cmu://1012261/43630972/ab67616d0000b273ada101c2e9e97feb8fae37a9.jpg
Neo-Acoustic,fanfare,advantage Lucy,1999,3.94,Shibuya-kei,"Tokyo, Japan",cmu://1012261/43630139/51c202cHlgL._UXNaN_FMjpg_QL85_.jpg
J-Pop,Perfume ~Complete Best~,Perfume,2006,3.79,Electropop | Picopop,"Hiroshima, Japan",cmu://1012261/43631301/ab67616d0000b273851e25b2301548de36f39692.jpg
Yakousei,SAKKAC CRAFT,Tsumiki,2021,3.72,Math Pop,"Osaka, Japan",cmu://1012261/43630529/600x600bf-60.jpg
Paisley Underground,She Hangs Brightly,Mazzy Star,1990,3.61,Alt-Country | Dream Pop,"Santa Monica, CA","cmu://1012261/43630304/71FTS1NOxeL._UF1000,1000_QL80_.jpg"
Post-Britpop,The Bends,Radiohead,1995,3.88,Britpop,"Abingdon, United Kingdom",cmu://1012261/43630586/1900x1900-000000-81-0-0.jpg
Post-Grunge,Humanistic,Abandoned Pools,2001,3.68,Emo-Pop | Trip Hop,"Pasadena, CA","cmu://1012261/43630276/71aj5aV5gEL._UF1000,1000_QL80_.jpg"
Shoegaze,Loveless,My Bloody Valentine,1991,4.25,Neo-Psychedelia,"London, United Kingdom","cmu://1012261/43630325/71RoGMpXr-L._UF1000,1000_QL80_.jpg"
Anatolian Rock,Yeni bir gün,Barış Manço,1979,3.75,Progressive Rock,"Istanbul, Turkey",cmu://1012261/43668655/Yenibirgun.jpg
AOR,Boston,Boston,1976,3.63,Power Pop,"Boston, MA",cmu://1012261/43631218/ab67616d0000b2738c1fadcc997a65384f34d694.jpg
Art Punk,Marquee Moon,Television,1977,4.14,Glam Punk | Post-Punk,"New York City, NY",cmu://1012261/43631235/ab67616d0000b27318b36d985b0ae01163ca9cf6.jpg
Art Rock,OK Computer,Radiohead,1997,4.3,Space-Rock Revival,"Abingdon, United Kingdom","cmu://1012261/43630546/715LZJ5qX0L._UF1000,1000_QL80_.jpg"
Bard Rock,To the declassed elements,Yanka,1988,3.75,Singer-Songwriter,"Novosibirsk, Russia",cmu://1012261/43668652/2223139.jpeg
Blues Rock,Electric Ladyland,The Jimi Hendrix Experience,1968,4.17,Hard Rock,"Westminster, United Kingdom","cmu://1012261/43630334/71uro0R7BjL._UF1000,1000_QL80_.jpg"
Boogie Rock,Dixie Chicken,Little Feat,1973,3.68,Roots Rock | Blues Rock,"Los Angeles, CA","cmu://1012261/43630571/818Vjrx8S8L._UF1000,1000_QL80_.jpg"
British Rhythm & Blues,Having a Rave Up (...),The Yardbirds,1965,3.59,Freakbeat | Blues Rock,"London, United Kingdom","cmu://1012261/43630210/61y5D1aeQZL._UF1000,1000_QL80_.jpg"
Candombe Beat,Totem,Totem,1971,3.57,Jazz-Rock,"Montevideo, Uruguay",cmu://1012261/43668599/R-3924070-1445575955-7458.jpg
Christian Rock,The Texas-Jerusalem Crossroads,Lift to Experience,2001,3.94,Rock Opera,"Denton, TX",cmu://1012261/43631276/ab67616d0000b273651f2b12c82f75fb2bac4f01.jpg
Comedy Rock,"Goodbye, My 4-Track",The Junior Science Club,2003,3.77,Indietronica,"Banos, CA",cmu://1012261/43630713/a0371989643_10.jpg
Country Rock,The Magnolia Electric Co,Songs: Ohia,2003,4.11,Folk Rock,"Oberlin, OH",cmu://1012261/43631076/ab67616d0000b273db652073144f2d426e09400c.jpg
Cowpunk,Meat Puppets II,Meat Puppets,1984,3.77,Psychedelic Rock,"Phoenix, AZ",cmu://1012261/43630871/a2809706554_16.jpg
Dark Cabaret,Rain Dogs,Tom Waits,1985,4.04,Singer-Songwriter,"Pomona, CA",cmu://1012261/43668624/tom-waits-rain-dogs1-1.jpg
Duetschrock,Keine Macht für Niemand,Ton Steine Scherben,1972,3.74,Blues Rock | Proto-Rock,"Berlin, Germany",cmu://1012261/43630595/1972_Keine_Macht_für_Niemand_album_cover.jpg
Emo,New Plastic Ideas,Unwound,1994,3.99,Post-Rock,"Tumwater, WA",cmu://1012261/43630859/a2661804248_10.jpg
Emocore,Lyburnum Wits End Liberation Fly,Moss Icon,1993,3.83,Post-Punk,"Annapolis, MD",cmu://1012261/43630701/a0116721438_16.jpg
Screamo,Dance Tonight! Revo (...),Orchid,1999,3.91,Emoviolence,"Amherst, MA",cmu://1012261/43630740/a0943889165_10.jpg
Emoviolence,Dance Tonight! Revo (...),Orchid,1999,3.91,Emoviolence,"Amherst, MA",cmu://1012261/43630740/a0943889165_10.jpg
Experimental Rock,The Velvet Underground & Nico,The Velvet Underground,1967,4.2,Art Rock,"New York City, NY","cmu://1012261/43630308/71H2+Sj3wmL._UF1000,1000_QL80_.jpg"
Avant-Prog,Larks' Tongues in Aspic,King Crimson,1973,4.04,Experimental Rock,"London, United Kingdom","cmu://1012261/43630130/51Bv69OG-WL._UF1000,1000_QL80_.jpg"
Rock in Opposition,Barbaro (Ma non troppo),Present,2009,3.8,Avant-Prog,"Bruxelles, Belgium",cmu://1012261/43668606/R-6294555-1415794604-4990.jpg
Zeuhl,K.A,Magma,2004,3.84,Jazz-Rock,"Paris, France","cmu://1012261/43630485/91hFHhXU6fL._UF1000,1000_QL80_.jpg"
Brutal Prog,Hellfire,black midi,2022,3.94,Art Rock | Jazz-Rock,"Croydon, United Kingdom",cmu://1012261/43630750/a1041686626_16.jpg
Krautrock,Future Days,Can,1973,4.1,Psychedelic Rock,"Köln, Germany","cmu://1012261/43630542/712ISj+65uL._UF1000,1000_QL80_.jpg"
No Wave,The Ascension,Glenn Branca,1981,3.97,Totalism | Punk,"Harrisburg, PA",cmu://1012261/43630979/ab67616d0000b273b650c5ea674c304fb5a51e67.jpg
Folk Rock,Highway 61 Revisited,Bob Dylan,1965,4.16,Folk Rock,"Duluth, MN","cmu://1012261/43630311/71kbAAdrzGL._UF1000,1000_QL80_.jpg"
Alpenrock,Der Watzmann ruft,Ambros Tauchen Prokopetz,1974,3.42,Liedermacher,Austria,"cmu://1012261/43630332/71SkHaf0y+L._UF1000,1000_QL80_.jpg"
British Folk Rock,Liege & Lief,Fairport Convention,1969,3.81,Progressive Folk,"Haringey, United Kingdom","cmu://1012261/43630263/71afqSp5yNL._UF1000,1000_QL80_.jpg"
Celtic Rock,Rum Sodomy & the Lash,The Pogues,1985,3.78,Celtic Punk,"London, United Kingdom","cmu://1012261/43630474/81yXVe-3vVL._UF1000,1000_QL80_.jpg"
Mittelalter-Rock,Guds spelemän,Garmarna,1996,3.55,Swedish Folk Music,"Sundsvall, Sweden",cmu://1012261/43630893/a2884754807_16.jpg
Nordic Folk Rock,Runaljod - Yggdrasil,Wardruna,2013,3.62,Neo-Pagan Folk,"Bergen, Norway",cmu://1012261/43668550/ab67616d0000b273e7d961058431280201d1b66e.jpeg
Phleng phuea chiwit,Khon Kap Khwai,Caravan,1975,3.44,Phleng Phuea Chiwit,"Bangkok, Thailand",cmu://1012261/43630787/3616238.jpg
Pinoy Folk Rock,Asin,Asin,1978,3.4,Contemporary Folk,"Manila, Philippines",cmu://1012261/43668545/images+copy.jpg
Funk Rock,Remain in Light,Talking Heads,1980,4.26,New Wave,"New York City, NY",cmu://1012261/43631121/ab67616d0000b273e49a405217bda217816f7bf5.jpg
Funk Metal,Frizzle Fry,Primus,1990,3.83,Experimental Rock,"El Sobrante, CA",cmu://1012261/43668534/frizzlefry.jpg
Garage Rock,Is This It,The Strokes,2001,4,Post-Punk Revival,"Manhattan, NY","cmu://1012261/43630461/81xesqe7UML._UF1000,1000_QL80_.jpg"
Freakbeat,The Who Sell Out,The Who,1967,3.65,Pop Rock,"Hammersmith, United Kingdom",cmu://1012261/43668663/ab67616d0000b2737b6ea1d5ad9739856148a3a7.jpeg
Garage Punk,Blood Vision,Jay Reatard,2006,3.79,Power Pop,"Lilbourn, MO",cmu://1012261/43668807/Beyond+Birthday.jpeg
Glam Rock,The Rise and Fall of Ziggy (...),David Bowie,1972,4.26,Pop Rock,"Brixton, United Kingdom","cmu://1012261/43630501/91WJORzpHML._UF1000,1000_QL80_.jpg"
Glam Punk,New York Dolls,New York Dolls,1973,3.64,Proto-Punk,"New York City, NY","cmu://1012261/43630297/71DIeJM6XAL._UF1000,1000_QL80_.jpg"
Hardcore (Punk),Spiderland,Slint,1991,4.16,Math-Rock | Post-Punk,"Louisville, KY","cmu://1012261/43630151/61f+r05j57L._UF1000,1000_QL80_.jpg"
Easycore,The Devil-Faces of (...),Heccra,2015,3.55,Post-Hardcore,"Kansas City, MO",cmu://1012261/43630774/a1443770382_16.jpg
Grindcore,Terrifyer,Pig Destroyer,2004,3.91,Grindcore,"Washington DC, USA",cmu://1012261/43630581/1200x630bb.jpg
Cybergrind,A Funeral in Purgatory,Blind Equation,2025,3.47,Electronicore,"Chicago, IL",cmu://1012261/43630736/a0943832228_16.jpg
Deathgrind,World Downfall,Terrorizer,1989,3.81,Deathgrind,"Los Angeles, CA","cmu://1012261/43630422/81Qky2KHZDL._UF1000,1000_QL80_.jpg"
Gorenoise,Exhibit B: Dehumanization Tactics,Torture,2022,3.63,Avant-Garde Metal,"Chicago, IL",cmu://1012261/43668807/Beyond+Birthday.jpeg
Pornogrind,Disciples of Smut,Gut,2020,3.45,Death Metal,Germany,"cmu://1012261/43630415/81q3V6ihU3L._UF1000,1000_QL80_.jpg"
Goregrind,Symphonies of Sickness,Carcass,1989,3.75,Death Metal,"Liverpool, United Kingdom","cmu://1012261/43630202/61rdliyMgdL._UF1000,1000_QL80_.jpg"
Minecore,Dahmerized,Dahmer,1998,3.55,Grindcore,"Québec, Canada",cmu://1012261/43630506/600x600bf-60-1.jpg
Hardcore Punk,Fresh Fruit for Rotting (...),Dead Kennedys,1980,3.98,Punk Rock,"San Francisco, CA",cmu://1012261/43631056/ab67616d0000b273ce8ff87aa0a814811a56d70c.jpg
Beatdown Hardcore,Force Fed,Traumaside,1999,3.73,Brutal Death Metal,"Troy, NY",cmu://1012261/43631352/artworks-ywfqjMWXxV5rRrPK-Z3IdWQ-t500x500.jpg
Burning Spirits,Never,Think Again,2012,3.79,Crust Punk,Japan,cmu://1012261/43668621/think-again-never-Cover-Art.jpg
Crossover Thrash,Brasil,Ratos de Porão,1989,3.69,Crossover Thrash,"São Paulo, Brazil",cmu://1012261/43668611/Ratos_de_Porão_Brasil.jpg
Crust Punk,Dystopia,Dystopia,2008,3.86,Sludge Metal,"Oakland, CA",cmu://1012261/43630922/a3818929687_10.jpg
Blackened Crust,In Extremis,Martyrdöd,2005,3.61,Neocrust,"Gothenburg, Sweden",cmu://1012261/43631045/ab67616d0000b273cac7aed11d5d686743960c6a.jpg
Neocrust,Monuments to Thieves,His Hero Is Gone,1997,3.82,Sludge Metal,"Memphis, TN",cmu://1012261/43630940/ab67616d0000b273a1d5e5013ed40559fab69528.jpg
Stenchcore,The Final Chapter,Filth of Mankind,2000,3.76,Thrash Metal,"Gdańsk, Poland",cmu://1012261/43630660/0034849891_10.jpg
D-Beat,Hear Nothing See Nothing (...),Discharge,1982,3.78,Hardcore Punk,"Stoke-on-Trent, United Kindgom",cmu://1012261/43668529/Discharge-hearseesay.jpg
Japanese Hardcore,Never,Think Again,2012,3.79,Crust Punk,Japan,cmu://1012261/43668621/think-again-never-Cover-Art.jpg
Melodic Hardcore,Las palabras y los ríos,Eterna Inocencia,2004,3.79,Hardcore Emo,"Quilmes, Argentina",cmu://1012261/43630802/a1590202119_16.jpg
New York Hardcore,Unorthodox,Indecision,1996,3.75,Metalcore,"Brooklyn, NY",cmu://1012261/43630578/1200x630bb-1.jpg
Powerviolence,Unsilent Death,Nails,2010,3.83,Grindcore,"Oxnard, CA",cmu://1012261/43630935/a4141061396_10.jpg
Skacore,No Gods / No Managers,Choking Victim,1999,3.75,Crack Rock Steady,"New York City, NY",cmu://1012261/43668807/Beyond+Birthday.jpeg
Crack Rock Steady,No Gods / No Managers,Choking Victim,1999,3.75,Crack Rock Steady,"New York City, NY",cmu://1012261/43668807/Beyond+Birthday.jpeg
Street Punk,City Baby Attacked by Rats,Charged G.B.H,1982,3.6,D-Beat,"Birmingham, United Kingdom","cmu://1012261/43630539/618M6lU4MAL._UF1000,1000_QL80_.jpg"
Thrashcore,Unsilent Death,Nails,2010,3.83,Grindcore,"Oxnard, CA",cmu://1012261/43630935/a4141061396_10.jpg
UK82,Worlds Apart,Subhumans,1985,3.65,Anarcho-Punk,"Trowbridge, United Kingdom",cmu://1012261/43631257/ab67616d0000b27392f7717d62e60dc9f45f4b19.jpg
Metalcore,Jane Doe,Converge,2001,4,Mathcore,"Salem, MA",cmu://1012261/43630806/a1637869310_10.jpg
Deathcore,Rareform,After the Burial,2009,3.64,Melodic Metalcore,"Minneapolis, MN",cmu://1012261/43668667/ab67616d0000b2734085e190dff0627643a8dbac.jpeg
Mathcore,Jane Doe,Converge,2001,4,Mathcore,"Salem, MA",cmu://1012261/43630806/a1637869310_10.jpg
Melodic Metalcore,Impervium,Ictus,2007,3.74,Neocrust,"Lugo, Spain",cmu://1012261/43630727/a0700530971_10.jpg
Nintendocore,There You Are !,The Civil War in France,2024,3.58,Screamo,"Baltimore, MD",cmu://1012261/43630834/a2103067966_16.jpg
Noisecore,Instruments Disorder,The Gerogerigegege,1994,3.71,Harsh Noise,"Shinjuku, Japan",cmu://1012261/43668554/images-2.jpg
Post-Hardcore,Spiderland,Slint,1991,4.16,Math-Rock | Post-Punk,"Louisville, KY","cmu://1012261/43630151/61f+r05j57L._UF1000,1000_QL80_.jpg"
Swancore,Wake,Hail the Sun,2014,3.72,Math Rock | Emo,"Chico, CA",cmu://1012261/43630513/600x600bf-60-2.jpg
Trance,Ayu Trance,Ayumi Hamasaki,2001,3.76,J-Pop,"Fukuoka, Japan",cmu://1012261/43631248/ab67616d0000b27365a889fbf592da04b47e4176.jpg
Hard Rock,Paranoid,Black Sabbath,1970,4.24,Heavy Metal,"Birmingham, United Kingdom",cmu://1012261/43631063/ab67616d0000b273cfa6ec6d5374ce8aec1a73f5.jpg
Glam Metal,W.A.S.P.,W.A.S.P.,1984,3.7,Heavy Metal,"Los Angeles, CA",cmu://1012261/43668602/R-4515180-1367075477-8892.jpg
Heave Psych,It'll All Work Out in(...),T2,1970,3.85,Progressive Rock,"London, United Kingdom","cmu://1012261/43630339/71uyJgwlPFS._UF1000,1000_QL80_.jpg"
Stoner Rock,Songs for the Deaf,Queens of the Stone Age,2002,4,Alternative Rock,"Seattle, WA",cmu://1012261/43631223/ab67616d0000b2739b62c36a1f8ac00d60f460cc.jpg
Heartland Rock,Born to Run,Bruce Springsteen,1975,3.96,Singer-Songwriter,"Long Branch, NJ",cmu://1012261/43631220/ab67616d0000b2738c5b6f7dcdc5817dc5050b2a.jpg
Industrial Rock,The Downward Spiral,Nine Inch Nails,1994,4.11,Industrial Metal,"Cleveland, OH",cmu://1012261/43631286/ab67616d0000b273786dc008f4d6fcf34ca8fd7e.jpg
Jam Band,Eat a Peach,The Allman Brothers Band,1972,3.84,Southern Rock,"Jacksonville, FL",cmu://1012261/43631177/ab67616d0000b2734bc9f9e91d7562e4b08493f5.jpg
Livetronica,Jurassic Shift,Ozric Tentacles,1993,3.65,Progressive Electronic,"Glastonbury, United Kingdom",cmu://1012261/43631246/ab67616d0000b27334e1b44d9a7540112f3cb2d1.jpg
Jazz-Rock,Hot Rats,Frank Zappa,1969,4.08,Progressive Rock,"Baltimore, MD",cmu://1012261/43668604/R-4894947-1379083903-7950.jpg
Latin Rock,Abraxas,Santana,1970,3.92,Blues Rock,"San Francisco, CA",cmu://1012261/43668807/Beyond+Birthday.jpeg
Manguebeat,Da lama ao caos,Chico Science & Nação Zumbi,1994,3.89,Maracatu,"Olinda, Brazil","cmu://1012261/43630314/71M3+2zEU-L._UF1000,1000_QL80_.jpg"
Math Rock,Spiderland,Slint,1991,4.16,Math-Rock | Post-Punk,"Louisville, KY","cmu://1012261/43630151/61f+r05j57L._UF1000,1000_QL80_.jpg"
Metal,Paranoid,Black Sabbath,1970,4.24,Heavy Metal,"Birmingham, United Kingdom",cmu://1012261/43631063/ab67616d0000b273cfa6ec6d5374ce8aec1a73f5.jpg
Rock,OK Computer,Radiohead,1997,4.3,Space-Rock Revival,"Abingdon, United Kingdom","cmu://1012261/43630546/715LZJ5qX0L._UF1000,1000_QL80_.jpg"
Alternative Metal,Toxicity,System of a Down,2001,4.03,Nu Metal,"Glendale, CA","cmu://1012261/43630492/91o4-BvL0fL._UF1000,1000_QL80_.jpg"
Neue Deutsche Härte,Mutter,Rammstein,2000,3.74,Gothic Metal,"Berlin, Germany","cmu://1012261/43630574/819wdCpxzyL._UF1000,1000_QL80_.jpg"
Nu Metal,Around the Fur,Deftones,1997,3.84,Alternative Metal,"Sacramento, CA","cmu://1012261/43630378/81BbQMTakEL._UF1000,1000_QL80_.jpg"
Rap Metal,Rage Against the Machine,Rage Against the Machine,1992,3.99,Funk Metal,"Los Angeles, CA","cmu://1012261/43630357/81ApIxyhiAL._UF1000,1000_QL80_.jpg"
Avant-Garde Metal,Obscura,Gorguts,1998,3.96,Technical Death Metal,"Sherbrooke, Canada",cmu://1012261/43630880/a2874307317_10.jpg
Black Metal,Storm of the Light's Bane,Dissection,1995,3.97,Melodic Death Metal,"Strömstad, Sweden",cmu://1012261/43668533/Dissection-Storm-of-the-Lights-Bane-01.jpg
Atmospheric Black Metal,Filosofem,Burzum,1996,3.88,Ambient,"Bergen, Norway",cmu://1012261/43630518/600x600bf-60-3.jpg
Blackgaze,Lonely People With Power,Deafheaven,2025,3.89,Post-Metal,"San Francisco, CA","cmu://1012261/43630446/81X2F+wZdiL._UF1000,1000_QL80_.jpg"
Black n Roll,Kvelertak,Kvelertak,2010,3.62,Hardcore Punk,"Stavanger, Norway",cmu://1012261/43631320/ab67616d0000b273181756916f938fc087df4b10.jpg
Melodic Black Metal,Storm of the Light's Bane,Dissection,1995,3.97,Melodic Death Metal,"Strömstad, Sweden",cmu://1012261/43668533/Dissection-Storm-of-the-Lights-Bane-01.jpg
Pagan Black Metal,Bergtatt: Et eeventyr i 5 capitler,Ulver,1995,3.89,Atmospheric Black Metal,"Oslo, Norway",cmu://1012261/43668556/images-3.jpg
Symphonic Black Metal,In The Nightside Eclipse,Emperor,1994,3.94,Symphonic Black Metal,"Notodden, Norway",cmu://1012261/43668678/a0158467393_16.jpg
War Metal,Into the Kingdom of Graves,Tyrants Blood,2013,3.69,Death Metal,"Vancouver, Canada","cmu://1012261/43630467/81XXpGflwRL._UF1000,1000_QL80_.jpg"
Death Metal,Symbolic,Death,1995,4.14,Progressive Metal,"Altamonte Springs, FL",cmu://1012261/43631255/ab67616d0000b27370b273d5264949f3ca70513e.jpg
Brutal Death Metal,None So Vile,Cryptopsy,1996,4.03,Technical Death Metal,"Montréal, Canada",cmu://1012261/43631019/ab67616d0000b273c50fe8f1856c1111c0bb5287.jpg
Slam Death Metal,Butcher the Weak,Devourment,2006,3.7,Slam Death Metal,"Dallas, TX",cmu://1012261/43630523/600x600bf-60-4.jpg
Death n Roll,Wolverine Blues,Entombed,1993,3.63,Groove Metal,"Stockholm, Sweden",cmu://1012261/43668637/Wolverine_Blues_cover.jpg
Melodic Death Metal,Crimson,Edge of Sanity,1996,3.89,Progressive Metal,"Finspång, Sweden",cmu://1012261/43630828/a1964241577_10.jpg
Technical Death Metal,Symbolic,Death,1995,4.14,Progressive Metal,"Altamonte Springs, FL",cmu://1012261/43631255/ab67616d0000b27370b273d5264949f3ca70513e.jpg
Dissonant Death Metal,Obscura,Gorguts,1998,3.96,Technical Death Metal,"Sherbrooke, Canada",cmu://1012261/43630880/a2874307317_10.jpg
Doom Metal,Master of Reality,Black Sabbath,1971,4.14,Heavy Metal,"Birmingham, United Kingdom","cmu://1012261/43630163/61J-nzy8RML._UF1000,1000_QL80_.jpg"
Death Doom Metal,Mental Funeral,Autopsy,1991,3.9,Death Metal,"Benicia, CA",cmu://1012261/43631364/Autopsy_mental_funeral.jpg
Funeral Doom Metal,The Maniacal Vale,Esoteric,2008,3.85,Death Doom Metal,"Birmingham, United Kingdom",cmu://1012261/43630762/a1088784202_16.jpg
Traditional Doom Metal,Master of Reality,Black Sabbath,1971,4.14,Heavy Metal,"Birmingham, United Kingdom","cmu://1012261/43630163/61J-nzy8RML._UF1000,1000_QL80_.jpg"
Epic Doom Metal,Epicus Doomicus Metallicus,Candlemass,1986,3.91,Epic Doom Metal,"Stockholm, Sweden",cmu://1012261/43630725/a0452645766_10.jpg
Drone Metal,Boris at Last -Feedbacker-,Boris,2003,4.04,Post-Metal,"Tokyo, Japan",cmu://1012261/43630793/a1490425771_5.jpg
Folk Metal,The Mantle,Agalloch,2002,3.87,Dark Folk,"Portland, OR",cmu://1012261/43631193/ab67616d0000b2735b0b47341bacf5f77f0dcb77.jpg
Celtic Metal,Slania,Eluveitie,2008,3.45,Melodic Death Metal,"Winterthur, Switzerland","cmu://1012261/43630190/61KyOHLLWRL._UF1000,1000_QL80_.jpg"
Mittelalter-Metal,Mein rasend Herz,In Extremo,2005,3.29,Alternative Metal,"Berlin, Germany","cmu://1012261/43630344/71YNUHiQtWL._UF1000,1000_QL80_.jpg"
Gothic Metal,October Rust,Type O Negative,1996,3.87,Doom Metal,"Brooklyn, NY",cmu://1012261/43631151/ab67616d0000b273ff7871e35825b5aea95beff3.jpg
Groove Metal,Chaos A.D.,Sepultura,1993,3.74,Thrash Metal,"Belo Horizonte, Brazil","cmu://1012261/43630404/81LFiIwOnIL._UF1000,1000_QL80_.jpg"
Heavy Metal,Paranoid,Black Sabbath,1970,4.24,Occult Rock,"Birmingham, United Kingdom",cmu://1012261/43631063/ab67616d0000b273cfa6ec6d5374ce8aec1a73f5.jpg
NWOBHM,The Number of the Beast,Iron Maiden,1982,3.94,Heavy Metal,"Leyton, United Kingdom",cmu://1012261/43631315/ab67616d0000b27396779a5f90f12af486a81e20.jpg
Speed Metal,Show No Mercy,Slayer,1983,3.76,Thrash Metal,"Huntington Park, CA","cmu://1012261/43630380/81EBwc1JntL._UF1000,1000_QL80_.jpg"
US Power Metal,Mystification,Manilla Road,1987,3.85,Heavy Metal,"Wichita, KS","cmu://1012261/43630626/81eXTuNsHeL._UF1000,1000_QL80_.jpg"
Industrial Metal,Streetcleaner,Godflesh,1989,3.82,Sludge Metal,"Birmingham, United Kingdom",cmu://1012261/43668807/Beyond+Birthday.jpeg
Cyber Metal,The Xun Protectorate,Khonsu,2016,3.56,Progressive Metal,"Trondheim, Norway",cmu://1012261/43630719/a0440612484_16.jpg
Neoclassical Metal,The  Divine Wings of Tragedy,Symphony X,1997,3.71,Symphonic Metal,"Middletown, NJ",cmu://1012261/43631215/ab67616d0000b2737e2d8fc6948bd63f47edde08.jpg
Post-Metal,Boris at Last -Feedbacker-,Boris,2003,4.04,Post-Metal,"Tokyo, Japan",cmu://1012261/43630793/a1490425771_5.jpg
Atmospheric Sludge Metal,Panopticon,Isis,2004,3.9,Post-Metal,"Boston, MA",cmu://1012261/43630963/ab67616d0000b273a22f7e3de0f46d433283e8ce.jpg
Power Metal,Imaginations From the Other Side,Blind Guardian,1995,3.84,Speed Metal,"Krefeld, Germany",cmu://1012261/43630952/ab67616d0000b273a3ed41477efd8a949c2a4313.jpg
Progressive Metal,Lateralus,Tool,2001,3.98,Alternative Metal,"Los Angeles, CA",cmu://1012261/43668630/Tool-Lateralus.jpg
Djent,Nothing,Meshuggah,2006,3.72,Groove Metal,"Umeå, Sweden",cmu://1012261/43630944/ab67616d0000b273a2ca3ef5d532a9314a837d59.jpg
Sludge Metal,When the Kite String Pops,Acid Bath,1994,3.94,Stoner Metal,"Houma, LA",cmu://1012261/43668682/ab67616d0000b27301d184783157c0e8af4d5915.jpg
Southern Metal,NOLA,Down,1995,3.71,Stoner Metal,"New Orleans, LA","cmu://1012261/43630562/719UMXgOlFL._UF1000,1000_QL80_.jpg"
Stoner Metal,Dopethrone,Electric Wizard,2000,4.05,Doom Metal,"Wimborne, United Kindgom",cmu://1012261/43668807/Beyond+Birthday.jpeg
Symphonic Metal,VAMPIR,Unlucky Morpheus,2015,3.69,Power Metal,Japan,"cmu://1012261/43630233/61ybwuQLc6L._UF1000,1000_QL80_.jpg"
Thrash Metal,Ride the Lightning,Metallica,1984,4.09,Heavy Metal,"Los Angeles, CA","cmu://1012261/43630598/6113DHPqk7L._UF1000,1000_QL80_.jpg"
Technical Thrash Metal,Terminal Redux,Vektor,2016,3.88,Progressive Metal,"Tempe, AZ",cmu://1012261/43630708/a0144143476_10.jpg
Trance Metal,Gothic Lolita Propaganda,Yousei Teikoku,2007,3.32,J-Pop,Japan,cmu://1012261/43668542/ab67616d0000b273baf8340e0a8fc8ef4d39a032.jpeg
Viking Metal,Hammerheart,Bathory,1990,3.88,Epic Doom Metal,"Vällingby, Sweden","cmu://1012261/43630481/91cot8mUePL._UF1000,1000_QL80_.jpg"
Miejski Folk,Tata Kazika,Kult,1993,3.73,Warsaw City Folk,"Warszawa, Poland",cmu://1012261/43630969/ab67616d0000b273a269b75521082b8cf82c3077.jpg
Mod,Setting Sons,The Jam,1979,3.75,New Wave,"Woking, United Kingdom",cmu://1012261/43668618/thejamss3.jpg
Mod Revival,Setting Sons,The Jam,1979,3.75,New Wave,"Woking, United Kingdom",cmu://1012261/43668618/thejamss3.jpg
New Wave,Remain in Light,Talking Heads,1980,4.26,New Wave,"New York City, NY",cmu://1012261/43631121/ab67616d0000b273e49a405217bda217816f7bf5.jpg
Neue Deutsche Welle,Monarchie und Alltag,Fehlfarben,1980,3.65,Post-Punk,"Düsseldorf, Germany","cmu://1012261/43630535/612fhQHka3L._UF1000,1000_QL80_.jpg"
New Romantic,Locura,Virus,1985,3.86,Synthpop,"La Plata, Argentina",cmu://1012261/43631257/ab67616d0000b27392f7717d62e60dc9f45f4b19.jpg
Noise Rock,In Utero,Nirvana,1993,4.07,Grunge,"Aberdeen, WA",cmu://1012261/43631005/ab67616d0000b273c4f52ef8782f0e8ede4c1aaf.jpg
Sh-tgaze,Squee,Squee,2024,3.61,Post-Hardcore,"Minnesota, USA",cmu://1012261/43631339/ad10159587f2148d63c5e1a1dbf2f63c.1000x1000x1.png
Pop Rock,Abbey Road,The Beatles,1969,4.3,Psychedelic Rock,"Liverpool, United Kingdom","cmu://1012261/43630437/81sBKBIcwvL._UF1000,1000_QL80_.jpg"
Beat,The Who Sell Out,The Who,1967,3.65,Pop Rock,"Hammersmith, United Kingdom",cmu://1012261/43668663/ab67616d0000b2737b6ea1d5ad9739856148a3a7.jpeg
Group Sounds,Let's Go Terry!,Takeshi Terauchi & The Bunnys,1966,3.34,Eleki,"Tokyo, Japan","cmu://1012261/43630143/51DNVGKC7WL._UF350,350_QL50_.jpg"
Joven Guarda,O inimitável,Roberto Carlos,1968,3.53,Blue-Eyed Soul,"Cachoeiro de Itapemirin, Brazil",cmu://1012261/43631265/ab67616d0000b273609f0dfcfdbbe6198506b728.jpg
Merseybeat,Please Please Me,The Beatles,1963,3.33,Pop Rock,"Liverpool, United Kingdom",cmu://1012261/43631080/ab67616d0000b273dbeec63ad914c973e75c24df.jpg
Nederbeat,CQ,The Outsiders,1968,3.64,Garage Psych,"Amsterdam, Netherlands",cmu://1012261/43630977/ab67616d0000b273b25cd3a1629dba9e44a72a6c.jpg
Big Music,Signos,Soda Stereo,1986,3.85,New Wave,"Buenos Aires, Argentina",cmu://1012261/43631173/ab67616d0000b2734a6f5598c41e77ae78cab725.jpg
Manila Sound,Up in Arms,Juan de la Cruz Band,1972,3.38,Heavy Psych,"Manila, Philippines",cmu://1012261/43668600/R-4071431-1503828623-1188.jpg
Piano Rock,When the Pawn,Fiona Apple,1999,4.1,Singer-Songwriter,"Manhattan, NY",cmu://1012261/43631311/ab67616d0000b27370622da427271b0203d7ce79.jpg
Power Pop,Weezer [Blue Album],Weezer,1994,3.87,Alternative Rock,"Los Angeles, CA",cmu://1012261/43668690/ab67616d0000b273345536847e60f622ee0eae96.jpeg
Soft Rock,Rumours,Fleetwood Mac,1977,4.05,Pop-Rock,"London, United Kingdom","cmu://1012261/43630286/71BekDJBb3L._UF1000,1000_QL80_.jpg"
Tropical Rock,Tropical Brainstorm,Kirsty MacColl,2000,3.47,Art Pop,"Croydon, United Kingdom",cmu://1012261/43668592/R-1709636-1277900060.jpg
Yacht Rock,Aja,Steely Dan,1977,4.02,Jazz-Rock,"Los Angeles, CA","cmu://1012261/43630253/71AbL1ftnIS._UF1000,1000_QL80_.jpg"
Sonido Donosti,Hallelujah!,La Buena Vida,2001,3.72,Chamber Pop,"Donostia-San Sebastián, Spain",cmu://1012261/43631214/ab67616d0000b2737b1705088ba3566b3b99cfcf.jpg
Stereo,Memorable Shan Songs No. 2,Sai Sai Mou,0,3.36,Sunshine Pop,"Muse, Myanmar",cmu://1012261/43668807/Beyond+Birthday.jpeg
Vocal Surf,All Summer Long,The Beach Boys,1964,3.37,Sunshine Pop,"Hawthorne, CA","cmu://1012261/43630393/81kWpi1OTQL._AC_UF1000,1000_QL80_.jpg"
Post-Punk,Deathconsciousness,Have a Nice Life,2008,4.12,Shoegaze,"Middletown, CT","cmu://1012261/43630159/61Glb1I76hL._UF1000,1000_QL80_.jpg"
Coldwave,Nowa Aleksandria,Siekiera,1986,3.8,Deathrock,"Puławy, Poland",cmu://1012261/43630855/a2180953313_10.jpg
Dance-Punk,Sound of Silver,LCD Soundsystem,2007,3.96,New Rave | Mutant Disco,"Brooklyn, NY","cmu://1012261/43630408/81nweV8NwYL._UF1000,1000_QL80_.jpg"
Gothic Rock,Disintegration,The Cure,1989,4.26,Gothic Punk,"Crawley, United Kingdom",cmu://1012261/43631269/ab67616d0000b273641c33269d4aad8c9e77eae5.jpg
Deathrock,Only Theater of Pain,Christian Rock,1982,3.72,Deathrock,"Los Angeles, CA",cmu://1012261/43668597/R-2073788-1510245078-8358.jpg
Post-Rock,Lift yr. Skinny Fists (...),Godspeed You Black Emperor!,2000,4.26,Field Recordings,"Montréal, Canada",cmu://1012261/43630664/0035858928_71.jpg
Progressive Rock,Wish You Were Here,Pink Floyd,1975,4.36,Art Rock | Space Rock,"London, United Kingdom",cmu://1012261/43631293/ab67616d0000b273828e52cfb7bf22869349799e.jpg
Canterbury Scene,Third,Soft Machine,1970,3.89,Jazz Fusion,"Canterbury, United Kingdom","cmu://1012261/43630667/A1n8DLEhVwL._UF1000,1000_QL80_.jpg"
Neo-Prog,Clutching at Straws,Marillion,1987,3.79,Big Music,"Aylesbury, United Kingdom","cmu://1012261/43630246/71+rCwkFipL._UF1000,1000_QL80_.jpg"
Symphonic Prog,Close to the Edge,Yes,1972,4.18,Progressive Rock,"London, United Kingdom",cmu://1012261/43668644/ab67616d0000b27303e402534d80a4aee949a950.jpeg
Proto-Punk,Fun House,The Stooges,1970,4.06,GarageRock,"Ann Arbor, MI",cmu://1012261/43631162/ab67616d0000b2732c7d41ae194ef7aaaba3fee3.jpg
Psychedelic Rock,Electric Ladyland,The Jimi Hendrix Experience,1968,4.17,Hard Rock,"Westminster, United Kingdom","cmu://1012261/43630334/71uro0R7BjL._UF1000,1000_QL80_.jpg"
Acid Rock,Electric Ladyland,The Jimi Hendrix Experience,1968,4.17,Hard Rock,"Westminster, United Kingdom","cmu://1012261/43630334/71uro0R7BjL._UF1000,1000_QL80_.jpg"
Raga Rock,Seadrum / House of Sun,Boredoms,2004,3.76,Neo-Psychedelia,"Osaka, Japan",cmu://1012261/43668582/p1907_LLL.jpg
Space Rock,Vision Creation Newsun,Boredoms,1999,3.94,Experimental Rock,"Osaka, Japan",cmu://1012261/43668557/images-4.jpg
Space Rock Revival,Vision Creation Newsun,Boredoms,1999,3.94,Experimental Rock,"Osaka, Japan",cmu://1012261/43668557/images-4.jpg
Zamrock,Wings of Africa,Musi-O-Tunya,1975,3.67,Jazz-Rock,"Livingstone, Zambia",cmu://1012261/43630646/10587083.jpg
Pub Rock,My Aim Is True,Elvis Costello,1977,3.72,New Wave,"Westminster, United Kingdom",cmu://1012261/43668581/MyAim_isTrue.jpg
Punk Blues,Teenage Snuff Film,Rowland S. Howard,1999,3.86,Singer-Songwriter,"Melbourne, Australia","cmu://1012261/43630605/81522wqBMDL._UF1000,1000_QL80_.jpg"
Punk Rock,London Calling,The Clash,1979,4.01,New Wave,"London, United Kingdom",cmu://1012261/43631061/ab67616d0000b273cebe2e17512d652158971890.jpg
Anarcho-Punk,Death Church,Rudimentary Peni,1983,3.73,Positive Punk,"Abbots, United Kingdom",cmu://1012261/43630729/a0855480368_16.jpg
Celtic Punk,If I Should Fall From Grace (...),The Pogues,1988,3.79,Irish Folk Music,"London, United Kingdom",cmu://1012261/43668544/If_I_Should_Fall_From_Grace_With_God_alt.jpg
Deutschpunk,Welch ein Land! - Was für Männer:,Extrabreit,1981,3.41,Post-Punk,"Hagan, Germany","cmu://1012261/43630290/71brkfx5vVS._UF1000,1000_QL80_.jpg"
Horror Punk,Legacy of Brutality,Misfits,1985,3.8,Hardcore Punk,"Lodi, Nj",cmu://1012261/43668579/Misfits_-_Legacy_of_Brutality_cover.jpg
Könsrock,Onkel Kånkel's Gyllene Tider,Onkel Kånkel,1983,3.16,Sketch Comedy,"Kalmar, Sweden",cmu://1012261/43631147/ab67616d0000b273fa782380a70dcac3a007f19f.jpg
Oi!,Réalité,Camera Silens,1985,3.82,Street Punk,"Bordeaux, Framce",cmu://1012261/43631356/camera-silens-realite-lp.jpg
Pop Punk,The Black Parade,My Chemical Romance,2006,3.87,Rock Opera,"Newark, NJ",cmu://1012261/43631230/ab67616d0000b27317f77fab7e8f18d5f9fee4a1.jpg
Psychobilly,Fire of Love,The Gun Club,1981,3.73,Punk Blues,"Los Angeles, CA",cmu://1012261/43631240/ab67616d0000b27323cecfeecc0d5b0157f2c579.jpg
Queercore,Maggot,Dazey and the Scouts,2017,3.79,Riot Grrrl,"Boston, MA",cmu://1012261/43631227/ab67616d0000b2739e1790f86057bfeb2ab5d5bf.jpg
Riot Grrrl,Captain My Captain,Team Dresch,1996,3.78,Post-Hardcore,"Olympia, WA",cmu://1012261/43630769/a1196766627_10.jpg
Ska Punk,Three Cheers for Dissapointment,The Arrogant Sons of B-thes,2006,3.85,Pop Punk,"Baldwin, NY",cmu://1012261/43631283/ab67616d0000b273666c1a7abbf10f2f6e4aa082.jpg
Skate Punk,Three Cheers for Dissapointment,The Arrogant Sons of B-thes,2006,3.85,Pop Punk,"Baldwin, NY",cmu://1012261/43631283/ab67616d0000b273666c1a7abbf10f2f6e4aa082.jpg
Surf Punk,Maggot,Dazey and the Scouts,2017,3.79,Riot Grrrl,"Boston, MA",cmu://1012261/43631227/ab67616d0000b2739e1790f86057bfeb2ab5d5bf.jpg
Vikingarock,Landkjenning,Glittertind,2009,3.2,Folk Rock,"Lillesand, Norway",cmu://1012261/43631330/ab67616d00001e024ef781beeb155c2b554a0171.jpg
Rap Rock,Jenny Death,Death Grips,2015,4.05,Experimental Hip Hop,"Sacramento, CA",cmu://1012261/43630635/artworks-000119441949-wsa6p9-t500x500.jpg
Rock n Roll,Especial,Viejas Locas,1999,3.79,Roots Rock,"Buenos Aires, Argentina",cmu://1012261/43631093/ab67616d0000b273df3f8fd1d8e59db737afc889.jpg
Indorock,Always... The Blue Diamonds,The Blue Diamonds,1960,3.24,Pop Rock,"Driebergen, Netherlands",cmu://1012261/43630527/600x600bf-60-5.jpg
Rockabilly,Fire of Love,The Gun Club,1981,3.73,Punk Blues,"Los Angeles, CA",cmu://1012261/43631240/ab67616d0000b27323cecfeecc0d5b0157f2c579.jpg
Twist,Twistin' the Night Away,Sam Cooke,1962,3.51,Southern Soul,"Clarksdale, MS",cmu://1012261/43631115/ab67616d0000b273e1ecfe1d298d52c7e2ae559a.jpg
Rock Andaluz,El patio,Triana,1975,3.86,Progressive Rock,"Sevilla, Spain",cmu://1012261/43668702/images-5.jpg
Rock Andino,Los Jaivas [El indio],Los Jaivas,1975,4.01,Progressive Rock,"Viña del Mar, Chile",cmu://1012261/43668571/images-6.jpg
Rock Musical,Jesus Christ Superstar,Andrew Lloyd Webber,1970,3.85,Symphonic Prog,United Kingdom,cmu://1012261/43631132/ab67616d0000b273f4a9509c09eb58f7f3c7280c.jpg
Rock Opera,The Wall,Pink Floyd,1979,3.83,Symphonic Rock,"London, United Kingdom",cmu://1012261/43630998/ab67616d0000b273b694e89ba937dd2631ff584c.jpg
Rock Urbano Español,La ley innata,Extremoduro,2008,3.86,Hard Rock,"Placencia, Spain",cmu://1012261/43631014/ab67616d0000b273c8d5b20f7ca690ecc816271e.jpg
Roots Rock,Cosmo's Factory,Creedence Clearwater (...),1970,4.02,Swamp Rock,"El Cerrito, CA",cmu://1012261/43631200/ab67616d0000b2736e186edfb8fe3710fdc1f7c2.jpg
Swamp Rock,Cosmo's Factory,Creedence Clearwater (...),1970,4.02,Swamp Rock,"El Cerrito, CA",cmu://1012261/43631200/ab67616d0000b2736e186edfb8fe3710fdc1f7c2.jpg
Tex-Mex,Mendocino,Sir Douglas Quintet,1969,3.62,Country Rock,"San Antonio, TX",cmu://1012261/43631327/ab67616d0000b2730884109903a5893b7c83448d.jpg
Southern Rock,Eat a Peach,The Allman Brothers Band,1972,3.84,Southern Rock,"Jacksonville, FL",cmu://1012261/43631177/ab67616d0000b2734bc9f9e91d7562e4b08493f5.jpg
Red Dirt,A Long Way From Your Heart,Turnpike Troubadours,2017,3.72,Americana,"Tahlequah, OK","cmu://1012261/43630567/815RpXIsGPS._UF1000,1000_QL80_.jpg"
Sufi Rock,Azadi,Junoon,1997,3.36,Folk Rock,"Karachi, Pakistan",cmu://1012261/43631099/ab67616d0000b273e1b17914e8154d8f5fecf19f.jpg
Surf Music,Down on the Road by the Beach,Steve Hiett,1983,3.92,Ambient Pop,"Oxford, United Kingdom","cmu://1012261/43630558/719gv-Q4PsL._UF1000,1000_QL80_.jpg"
Indie Surf,Alvvays,Alvvays,2014,3.7,Twee Pop,"Charalottetown, PE",cmu://1012261/43630817/a1825547906_10.jpg
Surf Rock,Fragmentim Rock'n'Rolliim,Charlie Megira,2003,3.66,Rockabilly,N/A,cmu://1012261/43631366/charlie-megira-and-the-hefker-girl-fragmentim-rocknrolliim-rocknroll-fragments-Cover-Art.jpg
Eleki,Authentic Terauchi Style,Takeshi Terauchi & The Bunnys,1967,3.63,Japanese Folk Music,"Tokyo, Japan",cmu://1012261/43668615/terauc_take_letsgocla_101b.jpg
Rautalanka,In Beat,Topi Sorsakoski & Agents,1986,3.61,Rock & Roll,Finland,cmu://1012261/43631305/ab67616d0000b2731955db47faf1d8a29572aec6.jpg
Wong Shadow,Modified Thai Shadow Music,The Son of P.M.,0,3.3,Wong Shadow,Thailand,cmu://1012261/43668807/Beyond+Birthday.jpeg
Symphonic Rock,A New World Record,Electric Light Orchestra,1976,3.84,Pop Rock,"Birmingham, United Kingdom","cmu://1012261/43630550/715uQTZJmNL._UF1000,1000_QL80_.jpg"
Tolai Rock,Tambaran Culture of P.n.g.,Tambaran Culture of P.n.g.,1993,3.37,Yacht Rock,"Port Moresby, Papau New Guinea",cmu://1012261/43630156/61f8PyKVWYL._UXNaN_FMjpg_QL85_.jpg
Visual Kei,Merveilles,MALICE MIZER,1998,3.84,Gothic Rock,"Tokyo, Japan",cmu://1012261/43631347/artworks-qHhen5izCb8eYw4N-Q8HjdQ-t1080x1080.jpg
Zolo,Sing to God,Cardiacs,1996,3.82,Art Punk,"Kingston, United Kingdom",cmu://1012261/43630929/a3954198448_10.jpg